t3_66lp6x,195,[NSFW] DO NOT CLICK PLEASE,1,https://i.reddituploads.com/c095318e801d4acf9ae69cbb17c406c8?fit=max&h=1536&w=1536&s=0e26686303438f8da83fc54a24f1e038/,https://www.old.reddit.com///r/195/comments/66lp6x/nsfw_do_not_click_please/,31227,peteroh9,1492732825000,true
t3_idvm5p,195,Metal,3,https://i.redd.it/gc5tsu06lci51.gif,https://www.old.reddit.com///r/195/comments/idvm5p/metal/,19747,N0tAMuffin,1598012189000,false
t3_ilsbi8,195,The Guy,9,https://i.redd.it/fod4vbsodxk51.jpg,https://www.old.reddit.com///r/195/comments/ilsbi8/the_guy/,15097,MafiozZo,1599135615000,false
t3_isi278,195,Cock and ball torture to own the libs,10,https://v.redd.it/c86hfxg573n51,https://www.old.reddit.com///r/195/comments/isi278/cock_and_ball_torture_to_own_the_libs/,14971,CountryColorful,1600077760000,false
t3_i08htk,195,Man,11,https://i.redd.it/wtd0wvf60vd51.jpg,https://www.old.reddit.com///r/195/comments/i08htk/man/,14118,Zokdin,1596055921000,false
t3_itavej,195,ážµážµ,13,https://i.redd.it/9xd3z83vwbn51.gif,https://www.old.reddit.com///r/195/comments/itavej/_/,13842,havenokarma,1600183260000,false
t3_iosxwf,195,rule,15,https://v.redd.it/l9ygaqga7xl51,https://www.old.reddit.com///r/195/comments/iosxwf/rule/,12732,ohjimmy78,1599569362000,false
t3_iqtdlg,195,saucy rule,16,https://i.redd.it/jkdlu8jwkjm51.png,https://www.old.reddit.com///r/195/comments/iqtdlg/saucy_rule/,12325,JayRaccoonBro,1599840256000,false
t3_iojsec,195,rule,17,https://i.redd.it/icgcueh5mtl51.jpg,https://www.old.reddit.com///r/195/comments/iojsec/rule/,11725,padrome,1599525883000,false
t3_i7q6hw,195,.,18,https://i.redd.it/l47t5qzm0dg51.jpg,https://www.old.reddit.com///r/195/comments/i7q6hw/_/,11462,minegam,1597145695000,false
t3_iny5xm,195,Bruh,19,https://i.imgur.com/I17Xonw.jpg,https://www.old.reddit.com///r/195/comments/iny5xm/bruh/,11370,I_Am_Disagreeing,1599441563000,false
t3_iei93y,195,S**r Cr**m and *n**n,21,https://i.redd.it/ju8tcy0s0ki51.jpg,https://www.old.reddit.com///r/195/comments/iei93y/sr_crm_and_nn/,10962,,1598102190000,false
t3_iiqr9r,195,"Good job guys, you earned it",22,https://i.imgur.com/kdwQqDb.jpg,https://www.old.reddit.com///r/195/comments/iiqr9r/good_job_guys_you_earned_it/,10925,Nom_nom_chompsky27,1598699920000,false
t3_i3hmwo,195,ðŸ’•ðŸ’„ðŸŒºðŸ¥°ðŸŽ‰ðŸ˜ˆðŸŒ¸,23,https://i.redd.it/px1zsc751ze51.jpg,https://www.old.reddit.com///r/195/comments/i3hmwo/_/,10916,goth-n-glam,1596540522000,false
t3_ibefkp,195,Atheists doing Godâ€™s work,24,https://i.redd.it/r0tfskxlhkh51.jpg,https://www.old.reddit.com///r/195/comments/ibefkp/atheists_doing_gods_work/,10878,Palsy001,1597671999000,false
t3_itvr8h,195,rule,26,https://i.redd.it/ita9say8kin51.png,https://www.old.reddit.com///r/195/comments/itvr8h/rule/,10859,slurmpnurmp,1600263761000,false
t3_isp2zm,195,My house my rules,27,https://i.redd.it/mp5a22cja5n51.png,https://www.old.reddit.com///r/195/comments/isp2zm/my_house_my_rules/,10620,lukeyhud,1600103107000,false
t3_hzp010,195,Rules are rules,28,https://i.redd.it/xzf7dby2hod51.jpg,https://www.old.reddit.com///r/195/comments/hzp010/rules_are_rules/,10557,reylok,1595976857000,false
t3_iabmvw,195,Oh no oh god,29,https://v.redd.it/susc9xinc7h51,https://www.old.reddit.com///r/195/comments/iabmvw/oh_no_oh_god/,10455,NitroScrooge,1597512959000,false
t3_is2dx0,195,rules,30,https://i.redd.it/9jzrulfz8ym51.jpg,https://www.old.reddit.com///r/195/comments/is2dx0/rules/,10452,HeaterTheYeeter,1600017835000,false
t3_irgj92,195,Funny monky haha,32,https://i.redd.it/4eopgom82rm51.jpg,https://www.old.reddit.com///r/195/comments/irgj92/funny_monky_haha/,10254,kempsridley11,1599930819000,false
t3_iq01xx,195,absolute knee slapper it is.,34,https://i.redd.it/cismw5njham51.jpg,https://www.old.reddit.com///r/195/comments/iq01xx/absolute_knee_slapper_it_is/,10070,Surjinor,1599730149000,false
t3_inn6f6,195,Rule,35,https://i.redd.it/4vqe8fl7ijl51.jpg,https://www.old.reddit.com///r/195/comments/inn6f6/rule/,9975,scopov,1599403495000,false
t3_it36ci,195,Rule,37,https://i.redd.it/6xqcur7n79n51.jpg,https://www.old.reddit.com///r/195/comments/it36ci/rule/,9786,treazgames,1600150562000,false
t3_iru8di,195,floyd,38,https://i.imgur.com/kdrWDWF.jpg,https://www.old.reddit.com///r/195/comments/iru8di/floyd/,9656,goob_icus,1599983931000,false
t3_i2peo7,195,I donâ€™t have long,39,https://i.redd.it/rfbytjsldpe51.jpg,https://www.old.reddit.com///r/195/comments/i2peo7/i_dont_have_long/,9547,bathtimewithcthulhu,1596423643000,false
t3_ifni6n,195,Hi habibi,40,https://i.redd.it/4jwxoqulvxi51.jpg,https://www.old.reddit.com///r/195/comments/ifni6n/hi_habibi/,9458,Pemis2,1598269944000,false
t3_iq9svn,195,Me,41,https://i.redd.it/hxtw4vxhbdm51.gif,https://www.old.reddit.com///r/195/comments/iq9svn/me/,9346,,1599764436000,false
t3_im2v9b,195,deer,42,https://v.redd.it/rd5adhyi50l51,https://www.old.reddit.com///r/195/comments/im2v9b/deer/,9288,discotec91,1599169192000,false
t3_itu8ko,195,Funny number,43,https://i.redd.it/ydjyusn64in51.jpg,https://www.old.reddit.com///r/195/comments/itu8ko/funny_number/,9273,The_Medium_Chungus,1600258359000,false
t3_isxwf8,195,objective complete,44,https://v.redd.it/tgdoevhci7n51,https://www.old.reddit.com///r/195/comments/isxwf8/objective_complete/,9227,r_o_a_c_h,1600129978000,false
t3_hyumrz,195,Tit le,45,https://i.redd.it/bq66n7d57fd51.jpg,https://www.old.reddit.com///r/195/comments/hyumrz/tit_le/,9105,Pighast,1595864555000,false
t3_iniff3,195,Pollo,46,https://i.redd.it/ut7ga1tykhl51.gif,https://www.old.reddit.com///r/195/comments/iniff3/pollo/,9007,RicardoDOTAMilos,1599380202000,false
t3_ipe2ph,195,The Tiktaalik has spoken,47,https://i.redd.it/2lbiagqnx3m51.jpg,https://www.old.reddit.com///r/195/comments/ipe2ph/the_tiktaalik_has_spoken/,9000,Manthing81,1599650820000,false
t3_i9kqf4,195,c um,49,https://v.redd.it/b7spdxnvkyg51,https://www.old.reddit.com///r/195/comments/i9kqf4/c_um/,8696,,1597406822000,false
t3_i1td1t,195,ðŸ¤”ðŸ¤”ðŸ¤”,50,https://i.redd.it/y168aaa0mee51.jpg,https://www.old.reddit.com///r/195/comments/i1td1t/_/,8665,Dapper_Duck64,1596293293000,false
t3_itphni,195,possibly the most immaculately crafted gif I own,51,https://i.redd.it/qlhe48fj2gn51.gif,https://www.old.reddit.com///r/195/comments/itphni/possibly_the_most_immaculately_crafted_gif_i_own/,8657,Crunchinate,1600233610000,false
t3_igxhyu,195,Itâ€™s that gamer grind ðŸ’ªðŸ˜Ž,52,https://v.redd.it/o84kcp2m6cj51,https://www.old.reddit.com///r/195/comments/igxhyu/its_that_gamer_grind/,8615,the_slop,1598443162000,false
t3_ime23o,195,Rule,53,https://i.redd.it/giblrjuv64l51.jpg,https://www.old.reddit.com///r/195/comments/ime23o/rule/,8527,ohcytt,1599218074000,false
t3_iibgf9,195,Rule,54,https://i.redd.it/70o632do3sj51.jpg,https://www.old.reddit.com///r/195/comments/iibgf9/rule/,8404,festeringtrash,1598635865000,false
t3_ic1oi3,195,title,55,https://i.redd.it/rkjzz3jgqrh51.png,https://www.old.reddit.com///r/195/comments/ic1oi3/title/,8282,paulolondra,1597759784000,false
t3_hsy99m,195,I had to post,58,https://i.redd.it/erkm7hl8xfb51.jpg,https://www.old.reddit.com///r/195/comments/hsy99m/i_had_to_post/,8212,,1595001633000,false
t3_hxw22g,195,Holey crap lois,59,https://i.redd.it/0tymmu8b33d51.jpg,https://www.old.reddit.com///r/195/comments/hxw22g/holey_crap_lois/,8176,jonnywips,1595717982000,false
t3_ipnzhl,195,yall know what day it is ðŸ˜ˆðŸ˜ˆ,60,https://v.redd.it/p03gug38i6m51,https://www.old.reddit.com///r/195/comments/ipnzhl/yall_know_what_day_it_is/,8162,Lettuce_Sandwich,1599681978000,false
t3_ire0z4,195,Piss,61,https://i.redd.it/pwnly20rdqm51.jpg,https://www.old.reddit.com///r/195/comments/ire0z4/piss/,8132,,1599922583000,false
t3_imxlfr,195,and weâ€™re launchinâ€™,63,https://i.imgur.com/GOZLO53.jpg,https://www.old.reddit.com///r/195/comments/imxlfr/and_were_launchin/,8075,TheBlue_Jay,1599294044000,false
t3_ihmd0e,195,Rule,64,https://i.redd.it/okzo04xr5kj51.jpg,https://www.old.reddit.com///r/195/comments/ihmd0e/rule/,7877,KowtowToMao,1598539716000,false
t3_iatb6s,195,Ã–,66,https://i.redd.it/6qe94pyskdh51.jpg,https://www.old.reddit.com///r/195/comments/iatb6s/Ã¶/,7783,ConsistentThanks1,1597588325000,false
t3_hafawg,195,lek,67,https://i.redd.it/od3nqp9wvc551.png,https://www.old.reddit.com///r/195/comments/hafawg/lek/,7669,Boiboi255,1592349777000,false
t3_il4h2z,195,You sure?,68,https://i.redd.it/pevbofkmrpk51.jpg,https://www.old.reddit.com///r/195/comments/il4h2z/you_sure/,7655,CheeZas3,1599043448000,false
t3_ig0c3c,195,Of course,69,https://i.redd.it/lcinskyq91j51.jpg,https://www.old.reddit.com///r/195/comments/ig0c3c/of_course/,7629,Meat-tenderiser,1598311028000,false
t3_i7vplk,195,ey,70,https://v.redd.it/cuq77ylwoeg51,https://www.old.reddit.com///r/195/comments/i7vplk/ey/,7544,Alex_of_Denmark,1597165977000,false
t3_in77zs,195,195,71,https://i.redd.it/q55jsj7nrdl51.gif,https://www.old.reddit.com///r/195/comments/in77zs/195/,7499,BaguetteDoggo,1599334037000,false
t3_hxkcso,195,gummibÃ¤r,72,https://v.redd.it/2gjhkt389zc51,https://www.old.reddit.com///r/195/comments/hxkcso/gummibÃ¤r/,7493,liamf10,1595671589000,false
t3_ikwtgr,195,Moron...,73,https://i.redd.it/47h57wlitmk51.jpg,https://www.old.reddit.com///r/195/comments/ikwtgr/moron/,7410,ERICKONAMI,1599007762000,false
t3_isjm79,195,Reddit ðŸ˜‚ðŸ˜‚ðŸ˜‚,74,https://i.redd.it/qlzd7r0mt3n51.jpg,https://www.old.reddit.com///r/195/comments/isjm79/reddit/,7391,_CockRater_,1600085308000,false
t3_hzc4ik,195,Chinlet,75,https://i.redd.it/kwy6n33rpkd51.jpg,https://www.old.reddit.com///r/195/comments/hzc4ik/chinlet/,7229,AchtungPanzer41,1595931346000,false
t3_ip7rpy,195,drool haha,76,https://i.redd.it/ytqtn0pzb1m51.jpg,https://www.old.reddit.com///r/195/comments/ip7rpy/drool_haha/,7199,worm_incorporated,1599619320000,false
t3_hhyc75,195,UwU,77,https://i.redd.it/htpsa9lu6u751.jpg,https://www.old.reddit.com///r/195/comments/hhyc75/uwu/,7189,Noren-,1593430969000,false
t3_ijcvau,195,You. Me. Gas Station.,78,https://v.redd.it/kl1ir06k85k51,https://www.old.reddit.com///r/195/comments/ijcvau/you_me_gas_station/,7171,the_slop,1598794977000,false
t3_i6hur7,195,Ello guvnah,80,https://i.imgur.com/0vkZB2l.png,https://www.old.reddit.com///r/195/comments/i6hur7/ello_guvnah/,7076,beeeeegyoshi,1596972644000,false
t3_ijzfr0,195,rule 3,81,https://i.redd.it/4qtu6lqcqck51.gif,https://www.old.reddit.com///r/195/comments/ijzfr0/rule_3/,7052,Acridity,1598885642000,false
t3_i5d28x,195,yes,83,https://i.imgur.com/8ix25Mi.png,https://www.old.reddit.com///r/195/comments/i5d28x/yes/,7029,dontquestionmyaction,1596803977000,false
t3_hqcc8m,195,feast,84,https://i.redd.it/b5hkuysihla51.jpg,https://www.old.reddit.com///r/195/comments/hqcc8m/feast/,6997,WeepingAnusSores,1594633143000,false
t3_ijshy9,195,ðŸ¥º,85,https://i.imgur.com/kpXVwkD.jpg,https://www.old.reddit.com///r/195/comments/ijshy9/_/,6915,TheBlue_Jay,1598852818000,false
t3_is6yt9,195,obeying the law,86,https://i.redd.it/rhostc4hezm51.jpg,https://www.old.reddit.com///r/195/comments/is6yt9/obeying_the_law/,6902,,1600031793000,false
t3_igb9ov,195,Pepsi hits different,88,https://i.redd.it/bcau21vy75j51.jpg,https://www.old.reddit.com///r/195/comments/igb9ov/pepsi_hits_different/,6754,iltsuxs,1598358850000,false
t3_ilhzm2,195,a,89,https://v.redd.it/kliy1g6ditk51,https://www.old.reddit.com///r/195/comments/ilhzm2/a/,6739,NoahTheAnimator,1599088765000,false
t3_ik1s6p,195,rule,90,https://i.redd.it/7ohevp1dcdk51.jpg,https://www.old.reddit.com///r/195/comments/ik1s6p/rule/,6734,,1598893031000,false
t3_hdq62p,195,It's a living,91,https://imgur.com/Bj4Up8H,https://www.old.reddit.com///r/195/comments/hdq62p/its_a_living/,6629,snoopyward,1592823102000,false
t3_i8p0rm,195,following subreddit rules iguess,92,https://i.redd.it/kn6gv2i7rng51.gif,https://www.old.reddit.com///r/195/comments/i8p0rm/following_subreddit_rules_iguess/,6564,,1597275703000,false
t3_i3yy36,195,Rule,93,https://i.redd.it/nerr7lif54f51.jpg,https://www.old.reddit.com///r/195/comments/i3yy36/rule/,6560,SwAg_LaMp,1596602498000,false
t3_if1qkq,195,He got her good,94,https://i.redd.it/zp7etj8loqi51.jpg,https://www.old.reddit.com///r/195/comments/if1qkq/he_got_her_good/,6469,--Makaveli,1598182838000,false
t3_iotc1x,195,rule,95,https://i.redd.it/nzw9fw0zbxl51.jpg,https://www.old.reddit.com///r/195/comments/iotc1x/rule/,6464,GRemlinOnion,1599570887000,false
t3_i8zfru,195,yeah I'm afraid of the dark,96,https://i.redd.it/ng1112z9prg51.jpg,https://www.old.reddit.com///r/195/comments/i8zfru/yeah_im_afraid_of_the_dark/,6468,Baiji12,1597323479000,false
t3_isrcpt,195,Rule ðŸ¥‘,98,https://v.redd.it/ubflyacxt5n51,https://www.old.reddit.com///r/195/comments/isrcpt/rule/,6448,HobbitEnder,1600109651000,false
t3_hv5c1s,195,Yes.,99,https://i.redd.it/sua4tmnly6c51.png,https://www.old.reddit.com///r/195/comments/hv5c1s/yes/,6429,RRed1234,1595328977000,false
t3_i49wmo,195,No,100,https://i.redd.it/do6529si08f51.jpg,https://www.old.reddit.com///r/195/comments/i49wmo/no/,6435,SwAg_LaMp,1596649274000,false
